<?xml version="1.0" encoding="UTF-8"?>
<!-- IMPORTANT: This is an internal file that has been generated
     by the Xilinx ISE software.  Any direct editing or
     changes made to this file may result in unpredictable
     behavior or data corruption.  It is strongly advised that
     users do not edit the contents of this file. -->
<DeviceUsageSummary rev="10">
<DesignStatistics TimeStamp="Fri Nov 27 03:51:12 2015"><group name="MiscellaneousStatistics">
<item name="AGG_BONDED_IO" rev="10">
<attrib name="value" value="9"/></item>
<item name="AGG_IO" rev="10">
<attrib name="value" value="9"/></item>
<item name="AGG_SLICE" rev="10">
<attrib name="value" value="81"/></item>
<item name="NUM_BONDED_IOB" rev="10">
<attrib name="value" value="9"/></item>
<item name="NUM_BSFULL" rev="10">
<attrib name="value" value="92"/></item>
<item name="NUM_BSLUTONLY" rev="10">
<attrib name="value" value="51"/></item>
<item name="NUM_BSREGONLY" rev="10">
<attrib name="value" value="153"/></item>
<item name="NUM_BSUSED" rev="10">
<attrib name="value" value="296"/></item>
<item name="NUM_BUFG" rev="10">
<attrib name="value" value="1"/></item>
<item name="NUM_DSP48A1" rev="10">
<attrib name="value" value="1"/></item>
<item name="NUM_LOGIC_O5ANDO6" rev="10">
<attrib name="value" value="20"/></item>
<item name="NUM_LOGIC_O6ONLY" rev="10">
<attrib name="value" value="118"/></item>
<item name="NUM_LUT_RT_DRIVES_FLOP" rev="10">
<attrib name="value" value="5"/></item>
<item name="NUM_LUT_RT_EXO5" rev="10">
<attrib name="value" value="5"/></item>
<item name="NUM_LUT_RT_O5" rev="10">
<attrib name="value" value="4"/></item>
<item name="NUM_RAMB8BWER" rev="10">
<attrib name="value" value="1"/></item>
<item name="NUM_SLICEL" rev="10">
<attrib name="value" value="15"/></item>
<item name="NUM_SLICEX" rev="10">
<attrib name="value" value="66"/></item>
<item name="NUM_SLICE_CARRY4" rev="10">
<attrib name="value" value="4"/></item>
<item name="NUM_SLICE_CONTROLSET" rev="10">
<attrib name="value" value="31"/></item>
<item name="NUM_SLICE_CYINIT" rev="10">
<attrib name="value" value="168"/></item>
<item name="NUM_SLICE_F7MUX" rev="10">
<attrib name="value" value="19"/></item>
<item name="NUM_SLICE_F8MUX" rev="10">
<attrib name="value" value="8"/></item>
<item name="NUM_SLICE_FF" rev="10">
<attrib name="value" value="252"/></item>
<item name="NUM_SLICE_UNUSEDCTRL" rev="10">
<attrib name="value" value="5"/></item>
<item name="NUM_UNUSABLE_FF_BELS" rev="10">
<attrib name="value" value="12"/></item>
<item name="Xilinx Core blk_mem_gen_v6_1, Xilinx CORE Generator 13.1" rev="10">
<attrib name="value" value="1"/></item>
</group>
</DesignStatistics>
<CmdHistory>
</CmdHistory>
</DeviceUsageSummary>
